{"assets/app_icon.png":["assets/app_icon.png"],"assets/featured.png":["assets/featured.png"],"assets/featured_1.png":["assets/featured_1.png"],"assets/featured_2.png":["assets/featured_2.png"],"assets/featured_3.png":["assets/featured_3.png"],"assets/featured_4.png":["assets/featured_4.png"],"assets/offline.gif":["assets/offline.gif"],"assets/quiz_history.png":["assets/quiz_history.png"],"assets/splash_bg.png":["assets/splash_bg.png"],"packages/flutter_inappwebview/assets/t_rex_runner/t-rex.css":["packages/flutter_inappwebview/assets/t_rex_runner/t-rex.css"],"packages/flutter_inappwebview/assets/t_rex_runner/t-rex.html":["packages/flutter_inappwebview/assets/t_rex_runner/t-rex.html"],"packages/flutter_inappwebview_web/assets/web/web_support.js":["packages/flutter_inappwebview_web/assets/web/web_support.js"],"packages/syncfusion_flutter_pdfviewer/assets/fonts/RobotoMono-Regular.ttf":["packages/syncfusion_flutter_pdfviewer/assets/fonts/RobotoMono-Regular.ttf"],"packages/syncfusion_flutter_pdfviewer/assets/highlight.png":["packages/syncfusion_flutter_pdfviewer/assets/highlight.png"],"packages/syncfusion_flutter_pdfviewer/assets/squiggly.png":["packages/syncfusion_flutter_pdfviewer/assets/squiggly.png"],"packages/syncfusion_flutter_pdfviewer/assets/strikethrough.png":["packages/syncfusion_flutter_pdfviewer/assets/strikethrough.png"],"packages/syncfusion_flutter_pdfviewer/assets/underline.png":["packages/syncfusion_flutter_pdfviewer/assets/underline.png"],"packages/youtube_player_flutter/assets/speedometer.webp":["packages/youtube_player_flutter/assets/speedometer.webp"]}